epoch,time,train/box_loss,train/cls_loss,train/dfl_loss,metrics/precision(B),metrics/recall(B),metrics/mAP50(B),metrics/mAP50-95(B),val/box_loss,val/cls_loss,val/dfl_loss,lr/pg0,lr/pg1,lr/pg2
1,77.7516,2.72432,3.80448,2.05935,0.00013,0.00076,6e-05,1e-05,nan,nan,nan,0.0824,0.00195556,0.00195556
2,142.382,2.45827,2.77729,1.78203,0.00965,0.006,0.00505,0.0018,nan,nan,nan,0.0643804,0.00393598,0.00393598
3,212.675,2.35385,2.38618,1.76311,0.23259,0.0481,0.08316,0.04996,nan,nan,nan,0.046341,0.0058966,0.0058966
4,281.508,2.20019,2.25656,1.70628,0.14562,0.07082,0.07298,0.03458,2.44731,7.58524,2.24684,0.0282819,0.00783742,0.00783742
5,349.408,2.17035,2.20378,1.69356,0.20078,0.0597,0.08874,0.04778,2.17776,inf,1.92845,0.0102029,0.00975844,0.00975844
6,418.228,2.14042,2.08151,1.68082,0.23938,0.06023,0.11204,0.06329,2.23691,inf,2.09996,0.0097525,0.0097525,0.0097525
7,455.665,2.05279,2.03001,1.65891,0.3795,0.13125,0.11972,0.06999,2.06976,4.08824,1.93716,0.009703,0.009703,0.009703
8,515.499,2.02747,2.01079,1.6646,0.32977,0.11822,0.13172,0.08044,1.90582,6.9308,1.71755,0.0096535,0.0096535,0.0096535
9,548.504,1.98671,1.95867,1.60906,0.43846,0.13352,0.19019,0.11606,1.94922,3.58813,1.90974,0.009604,0.009604,0.009604
10,587.695,1.94066,1.88253,1.61068,0.48173,0.14794,0.16757,0.10058,1.82781,3.05302,1.69826,0.0095545,0.0095545,0.0095545
11,617.911,1.88773,1.78113,1.56607,0.4959,0.1661,0.19586,0.12504,1.70093,2.35537,1.66195,0.009505,0.009505,0.009505
12,649.298,1.85947,1.76872,1.54391,0.49995,0.17084,0.23436,0.15306,1.65479,2.48391,1.58561,0.0094555,0.0094555,0.0094555
13,679.101,1.86809,1.74836,1.51715,0.52497,0.18036,0.23559,0.15196,1.65402,2.1648,1.60174,0.009406,0.009406,0.009406
14,706.588,1.78521,1.67746,1.53296,0.5286,0.15244,0.19861,0.12964,1.73452,2.16126,1.61536,0.0093565,0.0093565,0.0093565
15,733.759,1.80355,1.69357,1.54284,0.43187,0.19802,0.21899,0.13398,1.70195,1.94225,1.55356,0.009307,0.009307,0.009307
16,766.382,1.79799,1.61311,1.5181,0.43331,0.19673,0.21546,0.13746,1.66626,2.20098,1.57454,0.0092575,0.0092575,0.0092575
17,794.716,1.75623,1.66629,1.5217,0.6825,0.17687,0.23665,0.15595,1.63941,2.21037,1.56378,0.009208,0.009208,0.009208
18,822.623,1.77117,1.6089,1.486,0.53492,0.19052,0.23702,0.15735,1.56164,1.86997,1.5611,0.0091585,0.0091585,0.0091585
19,855.398,1.76476,1.60376,1.47936,0.57238,0.18753,0.23359,0.15261,1.57276,2.6065,1.5288,0.009109,0.009109,0.009109
20,880.535,1.73323,1.59132,1.47443,0.601,0.21186,0.244,0.16408,1.47021,1.57377,1.48413,0.0090595,0.0090595,0.0090595
21,903.669,1.72755,1.53579,1.44322,0.50639,0.22614,0.25251,0.1687,1.49772,1.58745,1.49349,0.00901,0.00901,0.00901
22,933.244,1.72056,1.57727,1.4563,0.61927,0.22163,0.27921,0.19079,1.49124,2.02277,1.47706,0.0089605,0.0089605,0.0089605
23,958.478,1.70859,1.54117,1.44214,0.55821,0.22023,0.24794,0.16174,1.54146,1.63784,1.47403,0.008911,0.008911,0.008911
24,989.225,1.67207,1.5204,1.44829,0.64478,0.2276,0.30653,0.20477,1.50805,2.05422,1.49151,0.0088615,0.0088615,0.0088615
25,1013.61,1.67835,1.49528,1.43285,0.57197,0.22829,0.27004,0.17831,1.51931,1.53103,1.50898,0.008812,0.008812,0.008812
26,1042.32,1.69935,1.48778,1.41465,0.51921,0.23281,0.27701,0.18631,1.44217,1.78029,1.46445,0.0087625,0.0087625,0.0087625
27,1076.24,1.70662,1.52661,1.43338,0.5662,0.20471,0.26827,0.18368,1.48396,2.29735,1.51482,0.008713,0.008713,0.008713
28,1097.72,1.65122,1.41965,1.41452,0.60447,0.24549,0.28034,0.18791,1.42031,1.37985,1.47628,0.0086635,0.0086635,0.0086635
29,1120.02,1.63886,1.44187,1.41243,0.58044,0.25879,0.28748,0.19056,1.43789,1.34887,1.40585,0.008614,0.008614,0.008614
30,1146.83,1.65602,1.45664,1.42582,0.60629,0.25023,0.28592,0.18801,1.46829,1.53795,1.50747,0.0085645,0.0085645,0.0085645
31,1172.24,1.64094,1.44545,1.39755,0.56625,0.25992,0.29106,0.19814,1.40141,1.52962,1.42016,0.008515,0.008515,0.008515
32,1194.66,1.61803,1.37266,1.37188,0.60532,0.25644,0.29502,0.20085,1.4155,1.31159,1.43303,0.0084655,0.0084655,0.0084655
33,1218.33,1.63781,1.39713,1.40231,0.60836,0.24047,0.29648,0.20179,1.43509,1.59579,1.44786,0.008416,0.008416,0.008416
34,1247.46,1.68051,1.43499,1.39189,0.58612,0.25274,0.29507,0.20114,1.40553,1.61123,1.42547,0.0083665,0.0083665,0.0083665
35,1271.61,1.61188,1.40259,1.38772,0.60416,0.25878,0.29655,0.20466,1.36713,1.46278,1.45764,0.008317,0.008317,0.008317
36,1294.14,1.60261,1.36695,1.37026,0.62034,0.26771,0.30093,0.20222,1.41198,1.36241,1.39486,0.0082675,0.0082675,0.0082675
37,1315.47,1.59947,1.40378,1.39382,0.60065,0.26239,0.30498,0.20527,1.41656,1.36405,1.39809,0.008218,0.008218,0.008218
38,1339.47,1.593,1.37853,1.42009,0.60008,0.26891,0.31106,0.20857,1.39278,1.41187,1.4733,0.0081685,0.0081685,0.0081685
39,1362.21,1.5957,1.36428,1.39337,0.64413,0.26352,0.30942,0.21168,1.40183,1.31593,1.43746,0.008119,0.008119,0.008119
40,1385.64,1.56629,1.33754,1.39002,0.57205,0.26749,0.32713,0.22781,1.30697,1.40678,1.46893,0.0080695,0.0080695,0.0080695
41,1410.11,1.57931,1.33359,1.37677,0.49844,0.29184,0.3128,0.21599,1.37883,1.30875,1.42738,0.00802,0.00802,0.00802
42,1431.74,1.59764,1.35458,1.37911,0.58284,0.29572,0.32026,0.21822,1.36339,1.2785,1.3904,0.0079705,0.0079705,0.0079705
43,1455.75,1.57092,1.30673,1.37727,0.63871,0.27678,0.32227,0.21786,1.35942,1.39699,1.40587,0.007921,0.007921,0.007921
44,1478.02,1.59113,1.37673,1.38052,0.60276,0.27406,0.32245,0.21983,1.35253,1.33007,1.44574,0.0078715,0.0078715,0.0078715
45,1500.24,1.57217,1.31978,1.35817,0.62302,0.29156,0.3306,0.22413,1.32581,1.21181,1.37858,0.007822,0.007822,0.007822
46,1522.46,1.57834,1.32219,1.36333,0.63105,0.2885,0.35103,0.24108,1.33656,1.29911,1.41451,0.0077725,0.0077725,0.0077725
47,1547.13,1.56666,1.30769,1.34707,0.57967,0.27929,0.33789,0.23304,1.32615,1.33622,1.36273,0.007723,0.007723,0.007723
48,1569.33,1.55176,1.29449,1.36082,0.54398,0.29103,0.33957,0.23809,1.31522,1.27867,1.38892,0.0076735,0.0076735,0.0076735
49,1591.25,1.52449,1.28105,1.33984,0.67879,0.28412,0.34236,0.23587,1.32447,1.25918,1.35914,0.007624,0.007624,0.007624
50,1613.61,1.53346,1.2739,1.35717,0.54385,0.30133,0.33907,0.23574,1.30324,1.20347,1.3766,0.0075745,0.0075745,0.0075745
51,1636.61,1.53503,1.25346,1.33504,0.61748,0.29851,0.33531,0.22869,1.33899,1.36746,1.39434,0.007525,0.007525,0.007525
52,1658.94,1.53094,1.25471,1.33442,0.65374,0.30714,0.35906,0.24826,1.29627,1.24279,1.35053,0.0074755,0.0074755,0.0074755
53,1681.06,1.54971,1.26894,1.33039,0.52315,0.29862,0.33542,0.23052,1.30433,1.26774,1.37702,0.007426,0.007426,0.007426
54,1704.99,1.5078,1.24797,1.32426,0.61725,0.28421,0.34344,0.23644,1.31279,1.39678,1.40319,0.0073765,0.0073765,0.0073765
55,1726.49,1.51414,1.25173,1.32657,0.56684,0.29631,0.34666,0.24352,1.2583,1.15863,1.34498,0.007327,0.007327,0.007327
56,1753.81,1.51929,1.24225,1.32356,0.50743,0.29463,0.33837,0.23441,1.29663,1.40427,1.38148,0.0072775,0.0072775,0.0072775
57,1775.41,1.49222,1.23308,1.33145,0.66548,0.30023,0.35538,0.24175,1.30456,1.23452,1.34262,0.007228,0.007228,0.007228
58,1796.31,1.49687,1.26415,1.32645,0.53206,0.3263,0.36358,0.25434,1.28335,1.13566,1.37187,0.0071785,0.0071785,0.0071785
59,1817.23,1.53707,1.27461,1.36069,0.55469,0.32263,0.35508,0.24208,1.33131,1.14719,1.47966,0.007129,0.007129,0.007129
60,1840.75,1.52817,1.24144,1.34886,0.5702,0.30128,0.33902,0.23677,1.27222,1.23895,1.34699,0.0070795,0.0070795,0.0070795
61,1864.56,1.52324,1.26316,1.33903,0.62602,0.31731,0.35617,0.2493,1.273,1.27286,1.37902,0.00703,0.00703,0.00703
62,1891.25,1.52533,1.23005,1.33174,0.66198,0.30648,0.34965,0.24294,1.31436,1.41162,1.4499,0.0069805,0.0069805,0.0069805
63,1913.31,1.49353,1.22792,1.3403,0.67787,0.31168,0.35945,0.25564,1.23286,1.19407,1.34452,0.006931,0.006931,0.006931
64,1935.05,1.51334,1.2183,1.32889,0.54938,0.32089,0.36702,0.25448,1.26088,1.12267,1.35231,0.0068815,0.0068815,0.0068815
65,1961.4,1.5399,1.27127,1.33678,0.66745,0.28194,0.35154,0.24317,1.31986,1.51926,1.41698,0.006832,0.006832,0.006832
66,1985.78,1.52591,1.20398,1.31706,0.63555,0.29849,0.37519,0.25857,1.28507,1.28019,1.34117,0.0067825,0.0067825,0.0067825
67,2007.48,1.47336,1.18753,1.32436,0.59926,0.31343,0.35769,0.24709,1.27218,1.15009,1.32901,0.006733,0.006733,0.006733
68,2029.53,1.50307,1.21555,1.32712,0.69827,0.3129,0.37794,0.26374,1.26077,1.23934,1.34184,0.0066835,0.0066835,0.0066835
69,2050.78,1.44999,1.19341,1.31443,0.53389,0.32122,0.36955,0.26357,1.22119,1.11947,1.35226,0.006634,0.006634,0.006634
70,2071.88,1.46096,1.1768,1.30052,0.56637,0.32013,0.3659,0.25378,1.24642,1.12664,1.32547,0.0065845,0.0065845,0.0065845
71,2092.06,1.49764,1.19846,1.32034,0.64869,0.32559,0.38258,0.27206,1.21025,1.06749,1.32137,0.006535,0.006535,0.006535
72,2115.73,1.49227,1.20353,1.31445,0.59912,0.31796,0.37116,0.26518,1.21158,1.19421,1.35003,0.0064855,0.0064855,0.0064855
73,2136.04,1.47899,1.19518,1.32766,0.59606,0.32283,0.38915,0.26919,1.29018,1.10085,1.3448,0.006436,0.006436,0.006436
74,2157.26,1.48637,1.2075,1.30344,0.59642,0.32503,0.38384,0.26737,1.25948,1.13649,1.37289,0.0063865,0.0063865,0.0063865
75,2178.45,1.49414,1.19301,1.30713,0.65176,0.33314,0.38415,0.26206,1.26484,1.12559,1.3728,0.006337,0.006337,0.006337
76,2198.65,1.45098,1.16399,1.3034,0.57009,0.34527,0.38603,0.27383,1.22036,1.09072,1.34004,0.0062875,0.0062875,0.0062875
77,2219.18,1.46378,1.16452,1.29936,0.57148,0.3379,0.38392,0.27112,1.23086,1.09396,1.34088,0.006238,0.006238,0.006238
78,2240.62,1.43658,1.15109,1.29501,0.63858,0.33428,0.3892,0.27579,1.20218,1.09133,1.35122,0.0061885,0.0061885,0.0061885
79,2261.38,1.43422,1.14774,1.31589,0.61679,0.34038,0.38774,0.26809,1.28023,1.10563,1.39052,0.006139,0.006139,0.006139
80,2284.53,1.52169,1.17907,1.30746,0.63356,0.3343,0.3918,0.27807,1.23074,1.13852,1.3669,0.0060895,0.0060895,0.0060895
81,2306.47,1.45293,1.13111,1.29354,0.67195,0.33258,0.39075,0.27856,1.1987,1.1097,1.35257,0.00604,0.00604,0.00604
82,2328.14,1.44211,1.13945,1.2811,0.61296,0.32735,0.38838,0.27714,1.20196,1.12197,1.33949,0.0059905,0.0059905,0.0059905
83,2348.27,1.4323,1.1338,1.2761,0.62334,0.33774,0.40164,0.28537,1.20119,1.05678,1.29857,0.005941,0.005941,0.005941
84,2369.26,1.44095,1.14582,1.28765,0.53955,0.33997,0.3837,0.27132,1.20486,1.05177,1.28827,0.0058915,0.0058915,0.0058915
85,2390.39,1.44361,1.12431,1.30724,0.71776,0.34398,0.40123,0.2839,1.21233,1.08986,1.32095,0.005842,0.005842,0.005842
86,2411.05,1.4326,1.12956,1.27208,0.58073,0.34686,0.39553,0.28342,1.1976,1.06909,1.30054,0.0057925,0.0057925,0.0057925
87,2431.34,1.40438,1.13209,1.28708,0.58091,0.37127,0.41461,0.29324,1.18876,1.00592,1.31424,0.005743,0.005743,0.005743
88,2452.41,1.47679,1.16658,1.2966,0.60859,0.35481,0.40391,0.28333,1.25966,1.08383,1.38588,0.0056935,0.0056935,0.0056935
89,2473.17,1.45498,1.15105,1.30547,0.63303,0.35288,0.40305,0.28637,1.21641,1.06297,1.30467,0.005644,0.005644,0.005644
90,2493.97,1.4445,1.13804,1.29728,0.60991,0.33999,0.3898,0.27937,1.19722,1.05616,1.32155,0.0055945,0.0055945,0.0055945
91,2513.84,1.44175,1.16044,1.30338,0.62688,0.3786,0.41885,0.29569,1.20083,1.01457,1.33186,0.005545,0.005545,0.005545
92,2535.03,1.42293,1.11848,1.2801,0.61878,0.36029,0.40886,0.28877,1.21187,1.06074,1.3278,0.0054955,0.0054955,0.0054955
93,2555.53,1.44322,1.1231,1.28354,0.64488,0.35739,0.41254,0.29969,1.1709,1.02002,1.31107,0.005446,0.005446,0.005446
94,2576.3,1.41391,1.09433,1.27121,0.67568,0.35237,0.40724,0.28656,1.22763,1.04306,1.3135,0.0053965,0.0053965,0.0053965
95,2596.72,1.43412,1.10325,1.27565,0.6599,0.36054,0.41374,0.29753,1.16668,1.03369,1.29782,0.005347,0.005347,0.005347
96,2617.69,1.40359,1.11253,1.29111,0.69307,0.36203,0.41375,0.29499,1.18686,1.03125,1.28743,0.0052975,0.0052975,0.0052975
97,2638.57,1.44774,1.10963,1.27504,0.63407,0.37186,0.4166,0.29958,1.17325,1.00409,1.30861,0.005248,0.005248,0.005248
98,2660.37,1.385,1.11764,1.27938,0.64617,0.35705,0.41751,0.30095,1.15698,1.02885,1.32249,0.0051985,0.0051985,0.0051985
99,2682.53,1.41984,1.11915,1.28772,0.66336,0.36013,0.41364,0.29959,1.16339,1.0483,1.30731,0.005149,0.005149,0.005149
100,2703.71,1.40706,1.08913,1.29505,0.68522,0.35561,0.4204,0.30406,1.14537,0.98628,1.31259,0.0050995,0.0050995,0.0050995
101,2724.13,1.40611,1.10095,1.29323,0.64138,0.36859,0.41257,0.29518,1.18443,1.01444,1.28626,0.00505,0.00505,0.00505
102,2744.99,1.4366,1.10813,1.28326,0.6662,0.36948,0.42333,0.30196,1.18811,1.00185,1.28573,0.0050005,0.0050005,0.0050005
103,2766.82,1.38176,1.0679,1.28408,0.65968,0.34591,0.40781,0.28788,1.1864,1.03883,1.37206,0.004951,0.004951,0.004951
104,2786.13,1.41514,1.09219,1.27085,0.6305,0.37683,0.42715,0.30571,1.1738,0.97948,1.28866,0.0049015,0.0049015,0.0049015
105,2805.97,1.39294,1.0767,1.2689,0.7023,0.37507,0.43728,0.31013,1.16355,0.96676,1.30464,0.004852,0.004852,0.004852
106,2826.99,1.42228,1.1103,1.2769,0.64156,0.36508,0.42554,0.306,1.16154,1.00271,1.31647,0.0048025,0.0048025,0.0048025
107,2847.15,1.40508,1.1103,1.28026,0.6904,0.36331,0.41968,0.29984,1.17126,1.00199,1.30253,0.004753,0.004753,0.004753
108,2868.62,1.39596,1.07642,1.26705,0.65705,0.37347,0.43228,0.31079,1.15326,1.03904,1.29569,0.0047035,0.0047035,0.0047035
109,2888.64,1.40395,1.07945,1.27191,0.70391,0.36739,0.42348,0.30832,1.15029,0.98918,1.29004,0.004654,0.004654,0.004654
110,2908.79,1.38572,1.05408,1.2551,0.70253,0.36783,0.43178,0.31063,1.14004,0.99555,1.30998,0.0046045,0.0046045,0.0046045
111,2929.45,1.36678,1.05726,1.28225,0.68822,0.37527,0.43354,0.31643,1.14914,0.97434,1.30656,0.004555,0.004555,0.004555
112,2950.01,1.40815,1.07668,1.28558,0.70004,0.37122,0.43567,0.31012,1.20682,1.01583,1.43117,0.0045055,0.0045055,0.0045055
113,2970.73,1.39881,1.08615,1.27007,0.68859,0.38971,0.44694,0.32437,1.13927,0.9551,1.28998,0.004456,0.004456,0.004456
114,2991.22,1.39844,1.0757,1.26449,0.71409,0.38226,0.44412,0.32157,1.1388,0.94653,1.2983,0.0044065,0.0044065,0.0044065
115,3011.19,1.39204,1.07882,1.25658,0.67339,0.38519,0.43822,0.31248,1.16798,0.96503,1.27618,0.004357,0.004357,0.004357
116,3031.7,1.38575,1.08617,1.27378,0.67931,0.37552,0.43722,0.31316,1.1604,0.98355,1.30577,0.0043075,0.0043075,0.0043075
117,3052.55,1.38432,1.06336,1.26673,0.71074,0.3729,0.44356,0.3214,1.1284,0.99216,1.29048,0.004258,0.004258,0.004258
118,3072.87,1.3949,1.08061,1.26373,0.70164,0.37274,0.43957,0.31773,1.14126,0.97882,1.28194,0.0042085,0.0042085,0.0042085
119,3093.87,1.38457,1.06451,1.26307,0.72828,0.38376,0.45233,0.32758,1.1489,0.95563,1.27044,0.004159,0.004159,0.004159
120,3114.56,1.37361,1.08471,1.25652,0.68713,0.37471,0.4388,0.31998,1.14023,0.9762,1.28029,0.0041095,0.0041095,0.0041095
121,3134.86,1.37715,1.06168,1.26588,0.6768,0.38584,0.43975,0.31829,1.12624,0.93954,1.28225,0.00406,0.00406,0.00406
122,3155.88,1.37349,1.06095,1.27312,0.75362,0.38391,0.44893,0.32615,1.12782,0.9546,1.30629,0.0040105,0.0040105,0.0040105
123,3176.6,1.37643,1.04473,1.26099,0.6584,0.39729,0.43955,0.31855,1.12488,0.94889,1.28265,0.003961,0.003961,0.003961
124,3198.14,1.37318,1.07935,1.28359,0.71441,0.38188,0.4468,0.3245,1.12618,0.98589,1.28705,0.0039115,0.0039115,0.0039115
125,3218.09,1.37466,1.06361,1.25567,0.71411,0.38199,0.44371,0.32069,1.12804,0.92831,1.26118,0.003862,0.003862,0.003862
126,3239.55,1.40713,1.06908,1.26046,0.6634,0.38968,0.4415,0.3242,1.12577,0.97486,1.264,0.0038125,0.0038125,0.0038125
127,3259.66,1.35035,1.03035,1.25924,0.70273,0.37818,0.43543,0.31904,1.11887,0.9668,1.28225,0.003763,0.003763,0.003763
128,3280.86,1.38407,1.05235,1.24886,0.74372,0.38143,0.45386,0.33354,1.10697,0.94807,1.2784,0.0037135,0.0037135,0.0037135
129,3301.2,1.3895,1.06334,1.26201,0.72119,0.37811,0.44566,0.32517,1.12002,0.94903,1.27843,0.003664,0.003664,0.003664
130,3322.28,1.36664,1.03353,1.26048,0.6859,0.38807,0.44853,0.32334,1.13068,0.94804,1.26164,0.0036145,0.0036145,0.0036145
131,3342.74,1.36347,1.05533,1.27403,0.7292,0.37572,0.44321,0.32263,1.1217,0.93957,1.27928,0.003565,0.003565,0.003565
132,3362.61,1.35249,1.03317,1.26474,0.70814,0.39664,0.45722,0.33627,1.11358,0.92725,1.25925,0.0035155,0.0035155,0.0035155
133,3383.51,1.37637,1.05567,1.24451,0.69352,0.39918,0.44957,0.33089,1.11046,0.94199,1.27857,0.003466,0.003466,0.003466
134,3404.43,1.34162,1.03322,1.24721,0.67307,0.37915,0.43615,0.31756,1.11119,0.94812,1.29034,0.0034165,0.0034165,0.0034165
135,3425.72,1.38143,1.05264,1.24722,0.68958,0.38402,0.4445,0.32305,1.11583,0.93489,1.26427,0.003367,0.003367,0.003367
136,3445.89,1.36868,1.02184,1.24073,0.70316,0.3845,0.44742,0.32861,1.11881,0.93477,1.27021,0.0033175,0.0033175,0.0033175
137,3466.63,1.33849,1.0064,1.25066,0.68953,0.38779,0.44583,0.32737,1.11628,0.93024,1.27519,0.003268,0.003268,0.003268
138,3486.78,1.34136,1.03626,1.27176,0.74222,0.38702,0.45703,0.32963,1.12137,0.9349,1.27005,0.0032185,0.0032185,0.0032185
139,3506.84,1.35699,1.04243,1.25748,0.68748,0.39132,0.45066,0.32805,1.12576,0.93418,1.26846,0.003169,0.003169,0.003169
140,3527.31,1.34841,1.0227,1.24068,0.70637,0.38472,0.44319,0.32458,1.1216,0.93923,1.25593,0.0031195,0.0031195,0.0031195
141,3547.47,1.34535,1.00859,1.24443,0.69575,0.39123,0.45415,0.33325,1.10044,0.93743,1.25883,0.00307,0.00307,0.00307
142,3568.11,1.34571,1.01868,1.24747,0.70227,0.39621,0.46053,0.34059,1.09693,0.92656,1.30407,0.0030205,0.0030205,0.0030205
143,3588.45,1.33539,1.00194,1.23866,0.73023,0.39472,0.46393,0.34129,1.10268,0.91591,1.26593,0.002971,0.002971,0.002971
144,3608.82,1.34243,1.0064,1.24484,0.70669,0.3954,0.4615,0.33595,1.10861,0.92043,1.26533,0.0029215,0.0029215,0.0029215
145,3629.04,1.3316,1.01334,1.24133,0.73135,0.39645,0.45974,0.33889,1.10109,0.90532,1.25203,0.002872,0.002872,0.002872
146,3649.51,1.32241,1.00309,1.24306,0.71448,0.39438,0.46295,0.33987,1.08601,0.90125,1.25182,0.0028225,0.0028225,0.0028225
147,3669.43,1.32208,1.00686,1.23692,0.72879,0.39008,0.46266,0.34068,1.09206,0.90427,1.24849,0.002773,0.002773,0.002773
148,3690.01,1.32843,1.00183,1.23082,0.73858,0.38985,0.45447,0.33224,1.11418,0.92399,1.25056,0.0027235,0.0027235,0.0027235
149,3709.92,1.34485,1.0362,1.24789,0.73118,0.39309,0.46075,0.3368,1.10021,0.90081,1.2564,0.002674,0.002674,0.002674
150,3730.5,1.33043,1.00541,1.2594,0.71255,0.39946,0.46438,0.34029,1.10334,0.90505,1.26833,0.0026245,0.0026245,0.0026245
151,3750.06,1.31976,1.01082,1.25154,0.69776,0.39823,0.46101,0.34086,1.0837,0.89586,1.25099,0.002575,0.002575,0.002575
152,3770.93,1.36165,1.02471,1.24383,0.7039,0.39971,0.46331,0.34271,1.09577,0.91169,1.25981,0.0025255,0.0025255,0.0025255
153,3791.05,1.32023,1.00079,1.24844,0.72632,0.39472,0.46558,0.34545,1.08537,0.90203,1.25265,0.002476,0.002476,0.002476
154,3811.79,1.34194,1.00852,1.24534,0.6943,0.39726,0.45849,0.33677,1.10211,0.90228,1.25308,0.0024265,0.0024265,0.0024265
155,3832.31,1.31062,0.99178,1.22323,0.71206,0.40328,0.46981,0.34619,1.08542,0.89719,1.27304,0.002377,0.002377,0.002377
156,3852.25,1.33092,1.00018,1.22856,0.74856,0.39259,0.46464,0.34203,1.08651,0.89694,1.25634,0.0023275,0.0023275,0.0023275
157,3872.78,1.32772,0.99197,1.23293,0.74274,0.40341,0.46993,0.34743,1.0837,0.90064,1.26297,0.002278,0.002278,0.002278
158,3893.02,1.318,0.9898,1.23355,0.71744,0.40793,0.46638,0.34532,1.0767,0.89033,1.27118,0.0022285,0.0022285,0.0022285
159,3913.73,1.30548,0.96811,1.22947,0.74546,0.40104,0.47086,0.35001,1.07199,0.89031,1.24685,0.002179,0.002179,0.002179
160,3933.95,1.31559,0.98625,1.24372,0.71079,0.40636,0.47063,0.34647,1.0857,0.89465,1.25619,0.0021295,0.0021295,0.0021295
161,3954.75,1.31736,0.99734,1.22333,0.67367,0.4177,0.4723,0.34984,1.07647,0.88299,1.27381,0.00208,0.00208,0.00208
162,3974.6,1.30886,0.99024,1.23779,0.68295,0.41532,0.47424,0.34998,1.07642,0.89212,1.2619,0.0020305,0.0020305,0.0020305
163,3995.05,1.29177,0.98308,1.23745,0.70536,0.40742,0.47099,0.34907,1.07702,0.88992,1.2596,0.001981,0.001981,0.001981
164,4014.74,1.3131,0.97438,1.22274,0.69034,0.407,0.47112,0.348,1.08626,0.88563,1.2524,0.0019315,0.0019315,0.0019315
165,4035.24,1.30184,0.97185,1.21559,0.70589,0.40562,0.47203,0.34895,1.07529,0.89484,1.24791,0.001882,0.001882,0.001882
166,4055.44,1.30399,0.96099,1.22776,0.72574,0.39666,0.46721,0.34638,1.06828,0.88905,1.25624,0.0018325,0.0018325,0.0018325
167,4075.76,1.31923,0.99739,1.23866,0.71096,0.40736,0.47311,0.35103,1.06977,0.8805,1.24428,0.001783,0.001783,0.001783
168,4096.19,1.30826,0.98457,1.22699,0.74603,0.40289,0.47628,0.35439,1.06491,0.88421,1.24411,0.0017335,0.0017335,0.0017335
169,4116.59,1.28503,0.9467,1.24927,0.75071,0.40928,0.47919,0.35917,1.0763,0.8856,1.24307,0.001684,0.001684,0.001684
170,4136.79,1.29288,0.9708,1.21967,0.75712,0.41557,0.48252,0.35811,1.07518,0.8703,1.23818,0.0016345,0.0016345,0.0016345
171,4159.64,1.23106,0.92786,1.26062,0.74148,0.39827,0.46626,0.34536,1.08274,0.89913,1.23889,0.001585,0.001585,0.001585
172,4179.14,1.2098,0.89683,1.23931,0.72858,0.39947,0.47279,0.35243,1.08529,0.88799,1.25223,0.0015355,0.0015355,0.0015355
173,4197.88,1.19169,0.87261,1.25159,0.73579,0.39678,0.47029,0.34856,1.09077,0.89487,1.24723,0.001486,0.001486,0.001486
174,4216.91,1.1988,0.86484,1.2632,0.73777,0.40076,0.47153,0.34919,1.09063,0.89404,1.25439,0.0014365,0.0014365,0.0014365
175,4235.44,1.22775,0.9193,1.2251,0.69954,0.40799,0.47012,0.34976,1.08533,0.89625,1.2502,0.001387,0.001387,0.001387
176,4254.16,1.17184,0.86544,1.24917,0.70015,0.40745,0.47259,0.3517,1.083,0.89412,1.24834,0.0013375,0.0013375,0.0013375
177,4272.92,1.19168,0.85752,1.24161,0.72514,0.41133,0.47853,0.35495,1.08268,0.87663,1.24068,0.001288,0.001288,0.001288
178,4292.07,1.22544,0.86392,1.24685,0.74697,0.40897,0.48196,0.35859,1.0641,0.87201,1.25039,0.0012385,0.0012385,0.0012385
179,4311.23,1.2027,0.86317,1.24088,0.6875,0.42241,0.47844,0.3553,1.074,0.87275,1.24531,0.001189,0.001189,0.001189
180,4330.33,1.20101,0.87451,1.24208,0.73391,0.4095,0.483,0.36019,1.05935,0.87066,1.25269,0.0011395,0.0011395,0.0011395
181,4349.6,1.18424,0.84993,1.20963,0.735,0.40509,0.4789,0.3557,1.06514,0.8695,1.26187,0.00109,0.00109,0.00109
182,4368.83,1.1996,0.8666,1.22258,0.74505,0.40443,0.47985,0.35521,1.08415,0.87602,1.24627,0.0010405,0.0010405,0.0010405
183,4387.33,1.17098,0.85343,1.22052,0.74092,0.40547,0.475,0.35391,1.0731,0.87635,1.24221,0.000991,0.000991,0.000991
184,4406.02,1.17797,0.84783,1.23346,0.73016,0.40923,0.48003,0.35732,1.06586,0.86906,1.2408,0.0009415,0.0009415,0.0009415
185,4424.78,1.14665,0.82756,1.23745,0.75092,0.40961,0.48234,0.36034,1.07268,0.86623,1.23588,0.000892,0.000892,0.000892
186,4443.38,1.18432,0.84256,1.23813,0.73438,0.41239,0.48498,0.35997,1.07554,0.8682,1.24118,0.0008425,0.0008425,0.0008425
187,4462.18,1.15549,0.84069,1.22373,0.7419,0.41462,0.48237,0.3589,1.06638,0.86197,1.25143,0.000793,0.000793,0.000793
188,4481.21,1.16235,0.85394,1.2322,0.73542,0.41311,0.4824,0.35915,1.07676,0.86821,1.23685,0.0007435,0.0007435,0.0007435
189,4499.87,1.1851,0.84593,1.22723,0.76284,0.40534,0.48358,0.36206,1.06206,0.86527,1.23452,0.000694,0.000694,0.000694
190,4519.02,1.21212,0.96665,1.2972,0.75236,0.40983,0.48334,0.361,1.06379,0.86694,1.2307,0.0006445,0.0006445,0.0006445
191,4538.19,1.18653,0.83693,1.22661,0.74476,0.4073,0.48095,0.36001,1.06824,0.86296,1.2375,0.000595,0.000595,0.000595
192,4557.48,1.16067,0.84018,1.21708,0.74286,0.40745,0.47942,0.35841,1.06206,0.86375,1.23508,0.0005455,0.0005455,0.0005455
193,4576.56,1.15562,0.82452,1.21564,0.73448,0.41034,0.4806,0.35916,1.06107,0.86496,1.2351,0.000496,0.000496,0.000496
194,4595.59,1.15736,0.8435,1.23091,0.73971,0.41046,0.48221,0.35869,1.06624,0.8629,1.23935,0.0004465,0.0004465,0.0004465
195,4614.41,1.17283,0.82668,1.22947,0.7364,0.41435,0.48417,0.36205,1.05812,0.85889,1.24089,0.000397,0.000397,0.000397
196,4633.8,1.16351,0.82146,1.20902,0.76792,0.40117,0.48323,0.36187,1.05401,0.8614,1.236,0.0003475,0.0003475,0.0003475
197,4652.79,1.14609,0.82458,1.20016,0.75609,0.40799,0.48347,0.36122,1.05546,0.85726,1.23423,0.000298,0.000298,0.000298
198,4671.91,1.16516,0.82606,1.21116,0.71772,0.41926,0.48378,0.36264,1.05597,0.85952,1.23218,0.0002485,0.0002485,0.0002485
199,4690.76,1.17889,0.84848,1.21329,0.73178,0.41414,0.48385,0.36182,1.05482,0.86093,1.23436,0.000199,0.000199,0.000199
200,4709.82,1.20016,1.14193,1.22967,0.73698,0.41614,0.48568,0.36312,1.05346,0.8573,1.23425,0.0001495,0.0001495,0.0001495
